{
	"credit": "Made with Blockbench, a free, modern block model editor by JannisX11",
	"textures": {
		"0": "blocks/it5mesam",
		"1": "blocks/minecon2016",
		"particle": "blocks/it5mesam"
	},
	"elements": [
		{
			"name": "steve_right_leg",
			"from": [4, -0.5, 6],
			"to": [8, 11.5, 10],
			"faces": {
				"north": {
					"uv": [3.01, 5.01, 3.99, 7.99],
					"texture": "#0"
				},
				"east": {
					"uv": [2.01, 5.01, 2.99, 7.99],
					"texture": "#0"
				},
				"south": {
					"uv": [1.01, 5.01, 1.99, 7.99],
					"texture": "#0"
				},
				"west": {
					"uv": [0.01, 5.01, 0.99, 7.99],
					"texture": "#0"
				},
				"up": {
					"uv": [1.01, 4.01, 1.99, 4.99],
					"texture": "#0"
				},
				"down": {
					"uv": [2.01, 4.01, 2.99, 4.99],
					"texture": "#0",
					"rotation": 180
				}
			}
		},
		{
			"name": "steve_left_leg",
			"from": [8, -0.5, 6],
			"to": [12, 11.5, 10],
			"faces": {
				"north": {
					"uv": [8.01, 13.01, 6.99, 15.99],
					"texture": "#0"
				},
				"east": {
					"uv": [6.01, 13.01, 6.99, 15.99],
					"texture": "#0"
				},
				"south": {
					"uv": [5.01, 13.01, 5.99, 15.99],
					"texture": "#0"
				},
				"west": {
					"uv": [4.01, 13.01, 4.99, 15.99],
					"texture": "#0"
				},
				"up": {
					"uv": [5.01, 12.01, 5.99, 12.99],
					"texture": "#0"
				},
				"down": {
					"uv": [6.01, 12.01, 6.99, 12.99],
					"texture": "#0",
					"rotation": 180
				}
			}
		},
		{
			"name": "steve_body",
			"from": [4, 11.5, 6],
			"to": [12, 23.5, 10],
			"faces": {
				"north": {
					"uv": [8.01, 5.01, 9.99, 7.99],
					"texture": "#0"
				},
				"east": {
					"uv": [7.01, 5.01, 7.99, 7.99],
					"texture": "#0"
				},
				"south": {
					"uv": [5.01, 5.01, 6.99, 7.99],
					"texture": "#0"
				},
				"west": {
					"uv": [4.01, 5.01, 4.99, 7.99],
					"texture": "#0"
				},
				"up": {
					"uv": [5.01, 4.01, 6.99, 4.99],
					"texture": "#0"
				},
				"down": {
					"uv": [7.01, 4.01, 8.99, 4.99],
					"texture": "#0"
				}
			}
		},
		{
			"name": "steve_head",
			"from": [4, 23.5, 4],
			"to": [12, 31.5, 12],
			"faces": {
				"north": {
					"uv": [6.01, 2.01, 6.99, 3.99],
					"texture": "#0"
				},
				"east": {
					"uv": [4.01, 2.01, 5.99, 3.99],
					"texture": "#0"
				},
				"south": {
					"uv": [2.01, 2.01, 3.99, 3.99],
					"texture": "#0"
				},
				"west": {
					"uv": [0.01, 2.01, 1.99, 3.99],
					"texture": "#0"
				},
				"up": {
					"uv": [2.01, 0.01, 3.99, 1.99],
					"texture": "#0"
				},
				"down": {
					"uv": [4.01, 0.01, 5.99, 1.99],
					"texture": "#0",
					"rotation": 180
				}
			}
		},
		{
			"name": "steve_right_arm",
			"from": [0, 11.5, 6],
			"to": [4, 23.5, 10],
			"faces": {
				"north": {
					"uv": [13.01, 5.01, 13.99, 7.99],
					"texture": "#0"
				},
				"east": {
					"uv": [10.01, 5.01, 10.99, 7.99],
					"texture": "#0"
				},
				"south": {
					"uv": [11.01, 5.01, 11.99, 7.99],
					"texture": "#0"
				},
				"west": {
					"uv": [12.01, 5.01, 12.99, 7.99],
					"texture": "#0"
				},
				"up": {
					"uv": [11.01, 4.01, 11.99, 4.99],
					"texture": "#0"
				},
				"down": {
					"uv": [12.01, 4.01, 12.99, 4.99],
					"texture": "#0"
				}
			}
		},
		{
			"name": "steve_left_arm",
			"from": [12, 11.5, 6],
			"to": [16, 23.5, 10],
			"faces": {
				"north": {
					"uv": [11.01, 13.01, 11.99, 15.99],
					"texture": "#0"
				},
				"east": {
					"uv": [8.01, 13.01, 8.99, 15.99],
					"texture": "#0"
				},
				"south": {
					"uv": [9.01, 13.01, 9.99, 15.99],
					"texture": "#0"
				},
				"west": {
					"uv": [10.01, 13.01, 10.99, 15.99],
					"texture": "#0"
				},
				"up": {
					"uv": [9.01, 12.01, 9.99, 12.99],
					"texture": "#0"
				},
				"down": {
					"uv": [10.01, 12.01, 10.99, 12.99],
					"texture": "#0"
				}
			}
		},
		{
			"name": "steve_head_2nd_layer",
			"from": [3.5, 23, 3.5],
			"to": [12.5, 32, 12.5],
			"faces": {
				"north": {
					"uv": [14.01, 2.01, 15.99, 3.99],
					"texture": "#0"
				},
				"east": {
					"uv": [12.01, 2.01, 13.99, 3.99],
					"texture": "#0"
				},
				"south": {
					"uv": [10.01, 2.01, 11.99, 3.99],
					"texture": "#0"
				},
				"west": {
					"uv": [8.01, 2.01, 9.99, 3.99],
					"texture": "#0"
				},
				"up": {
					"uv": [10.01, 0.01, 11.99, 1.99],
					"texture": "#0"
				},
				"down": {
					"uv": [12.01, 0.01, 13.99, 1.99],
					"texture": "#0",
					"rotation": 180
				}
			}
		},
		{
			"name": "steve_body_2nd_layer",
			"from": [4, 11.02, 5.51],
			"to": [12, 24.03, 10.51],
			"faces": {
				"north": {
					"uv": [8.01, 9.01, 9.99, 11.99],
					"texture": "#0"
				},
				"east": {
					"uv": [7.01, 9.01, 7.99, 11.99],
					"texture": "#0"
				},
				"south": {
					"uv": [5.01, 9.01, 6.99, 11.99],
					"texture": "#0"
				},
				"west": {
					"uv": [4.01, 9.01, 4.99, 11.99],
					"texture": "#0"
				},
				"up": {
					"uv": [5.01, 8.01, 6.99, 8.99],
					"texture": "#0"
				},
				"down": {
					"uv": [7.01, 8.01, 8.99, 8.99],
					"texture": "#0"
				}
			}
		},
		{
			"name": "steve_right_arm_2nd_layer",
			"from": [-0.5, 11, 5.499999992549419],
			"to": [4.49, 24, 10.49999999254942],
			"faces": {
				"north": {
					"uv": [13.01, 9.01, 13.99, 11.99],
					"texture": "#0"
				},
				"east": {
					"uv": [10.01, 9.01, 10.99, 11.99],
					"texture": "#0"
				},
				"south": {
					"uv": [11.01, 9.01, 11.99, 11.99],
					"texture": "#0"
				},
				"west": {
					"uv": [10.01, 9.01, 10.99, 11.99],
					"texture": "#0"
				},
				"up": {
					"uv": [11.01, 8.01, 11.99, 8.99],
					"texture": "#0"
				},
				"down": {
					"uv": [12.01, 8.01, 12.99, 8.99],
					"texture": "#0",
					"rotation": 180
				}
			}
		},
		{
			"name": "steve_left_arm_2nd_layer",
			"from": [
				11.49999999254942,
				10.99999999254942,
				5.499999992549419
			],
			"to": [
				16.49999999254942,
				23.99999999254942,
				10.49999999254942
			],
			"faces": {
				"north": {
					"uv": [15.01, 13.01, 15.99, 15.99],
					"texture": "#0"
				},
				"east": {
					"uv": [12.01, 13.01, 12.99, 15.99],
					"texture": "#0"
				},
				"south": {
					"uv": [13.01, 13.01, 13.99, 15.99],
					"texture": "#0"
				},
				"west": {
					"uv": [14.01, 13.01, 14.99, 15.99],
					"texture": "#0"
				},
				"up": {
					"uv": [13.01, 12.01, 13.99, 12.99],
					"texture": "#0"
				},
				"down": {
					"uv": [14.01, 12.01, 14.99, 12.99],
					"texture": "#0"
				}
			}
		},
		{
			"name": "steve_right_leg_2nd_layer",
			"from": [
				3.4999999925494194,
				-1.0000000074505806,
				5.499999992549419
			],
			"to": [
				8.49999999254942,
				11.99999999254942,
				10.49999999254942
			],
			"faces": {
				"north": {
					"uv": [3.01, 9.01, 3.99, 11.99],
					"texture": "#0"
				},
				"east": {
					"uv": [2.01, 9.01, 2.99, 11.99],
					"texture": "#0"
				},
				"south": {
					"uv": [1.01, 9.01, 1.99, 11.99],
					"texture": "#0"
				},
				"west": {
					"uv": [0.01, 9.01, 0.99, 11.99],
					"texture": "#0"
				},
				"up": {"uv": [0, 0, 1, 1], "texture": "#0"},
				"down": {
					"uv": [2.01, 9.01, 2.99, 7.99],
					"texture": "#0"
				}
			}
		},
		{
			"name": "cape",
			"from": [2.5, 6, 2],
			"to": [13.5, 23, 3],
			"faces": {
				"north": {
					"uv": [
						0.4997140984786184,
						0.49971369693153783,
						5.499245091488486,
						8.449713696931537
					],
					"texture": "#1"
				},
				"east": {
					"uv": [
						0,
						0.4997138977050781,
						0.47,
						8.498963807758532
					],
					"texture": "#1"
				},
				"south": {
					"uv": [
						5.999916478207237,
						0.4997138977050781,
						10.99896882709704,
						8.498963807758532
					],
					"texture": "#1"
				},
				"west": {
					"uv": [
						5.499245091488487,
						0.4997138977050781,
						5.998958888806795,
						8.498963807758532
					],
					"texture": "#1"
				},
				"up": {
					"uv": [
						0.4997140984786184,
						0,
						5.49876644736842,
						0.49971379731830795
					],
					"texture": "#1"
				},
				"down": {
					"uv": [
						5.498766447368421,
						0,
						10.497818796258223,
						0.49971379731830795
					],
					"texture": "#1"
				}
			},
			"rotation": {
				"origin": [7.5, 14, 5.5],
				"axis": "x",
				"angle": 22.5
			}
		}
	],
	"groups": [0, 1, 2, 3, 4, 5, 6, 7, 8, 9, 10, 11],
	"display": {
		"head": {
			"scale": [1.6, 1.6, 1.6],
			"translation": [0, -29.5, 0]
		},
		"thirdperson_righthand": {
			"scale": [1, 1, 1],
			"rotation": [0, 180, 0]
		},
		"fixed": {"scale": [4, 4, 4], "rotation": [0, 180, 0]}
	}
}